,CPEB1,SIAH2,NOS2,CS,NDRG1,PDSS2,PIR,PARP3,DHODH,GSTZ1,ALOX15,MAP1LC3A,MPC1,DPEP1,GRIA3,CHAC1,FLT3,MTF1,CHMP6,CISD1,BRD4,IL6,HCAR1,PARP12,NR1D1,TSC1,IFNG,GJA1,SLC7A11
TCGA-AN-A0AK,0.137503523749935,6.21848477275688,0.177216200836063,7.72047342933846,5.32375555294465,4.62136033187932,5.95861303187235,3.86035699692408,2.76398513888087,3.83870978522697,2.27273987811746,6.6281042837196,5.52218132648105,0.705137466719021,0.251082803316987,3.67991917497906,0.329755085744747,3.70393125078188,4.75218124813748,2.33015679879996,4.75045107983601,0.308244364393713,1.94200771368796,3.71389373198911,4.91530577113838,2.91180660944931,0.859253984823259,11.5400408347689,4.22692463182788
TCGA-B6-A0I8,0.283210617984531,5.71227111002159,0.778040322267523,6.55173901828238,6.60447020454776,4.90839502276141,4.02431967919541,4.08610437124329,2.94658115638995,2.38827221072081,0.519340607655982,5.38727292110135,5.42404196388871,0.619366054747036,0.514400039036616,1.64196213110672,0.873183234901279,3.66339016545189,4.94101707900148,4.23700531542855,4.14440536669923,0.0713508041288431,5.82346150578154,4.38793459717021,5.60779486073718,3.39791246017691,0.0,5.5211072874275,0.636172166835885
TCGA-BH-A202,0.406754336928712,6.76027018890704,0.139338513601429,6.65817291514113,7.96662541915895,4.82997637345536,5.76028216654384,3.94125658385328,2.54087041401895,2.71371780697819,0.706641057309409,5.04492738077677,6.33647978099948,2.19159423299607,0.0866479127551883,2.48782074417823,0.725959234509188,4.33197745149716,4.13154832972926,4.80243106103364,4.50618299511114,0.0904469802326514,4.60241530814761,4.49723551690241,5.84707238387658,3.29604619904213,2.12131385871664,6.28435866203973,2.69055118953664
TCGA-A7-A26G,0.378844514469503,6.01476144016114,0.762221231959501,6.67047213886299,4.59800782246209,4.31749944420757,3.94405255989951,4.57319878423954,2.24187068419449,1.53684865042083,0.249020510285965,4.98884825866896,5.54772743362113,1.78228274301289,1.01671024793567,2.02467428041162,1.68665739423194,3.89828575861674,3.6352784439396,5.70206460908395,5.38299918656986,0.975336702062573,3.10852445677817,4.12314470600227,3.80754039949671,3.32876467228402,1.03815520102597,7.36739378232473,3.77002556355428
TCGA-BH-A0C1,0.881977789135628,6.25856603388993,0.911883289405794,7.52941571715198,4.64355030600123,5.13560874278658,3.18651640438348,5.3827779058392,2.79968830380854,2.90012293410792,1.05900910004046,4.44606429897559,6.13060968620825,0.934176781921816,1.61908428754308,0.654343880053038,1.62344550716235,3.75378635916132,3.99759952354512,4.47596035391194,5.25663706877992,1.63617216683588,5.30292948963052,4.69530346978517,4.36927802061052,3.17093453467551,0.598936833822527,8.06136471165677,2.35842439536099
TCGA-AO-A1KO,0.687150293944771,5.16357521241464,0.849599011151452,6.11485422708844,5.17667382827591,4.25460915920543,2.80099305748919,4.31143045574974,2.9333271326149,2.85511265478514,1.02977089740652,3.43486837884537,5.60327916631154,0.337654011076595,1.55660108165385,1.24385184325508,1.15335138308106,3.95917663672489,2.84977913663453,3.92037905892605,4.33794652759698,1.88498857765124,4.97536880480699,3.40960817268175,3.3708338481764,3.35061039519924,0.136585152847626,6.99223026496589,0.767654798237347
TCGA-BH-A18Q,1.91861521548657,5.27053641746519,1.61372022818006,6.57318363304698,6.24903568496887,4.77833475411992,4.45721341001392,5.68505150199515,3.668516287811,3.19926401417392,1.6478210334013,5.68953958967417,6.25890140678168,0.465086378886066,1.28427721805513,1.6136730866753,0.844064214792387,4.5559142942434,4.50922077633196,4.56349374376253,4.97308773294024,3.84883823329902,5.95441735156381,4.55090681947672,6.89042237192466,4.23757901398554,0.43722773891291,8.24669310157826,1.38559669601225
TCGA-BH-A0HP,0.705314441086378,7.2033763916105,0.584577730738641,6.78917626878617,5.40278015085024,4.16352288434144,5.02483825400175,6.07932903902419,2.03012416145513,3.01556893165097,0.502941568004458,5.27077186280291,5.96875893843872,1.93708069010659,0.255440304865444,1.64034328200587,0.46194758214236,3.92090302922463,4.30558390276898,3.71011763204345,4.59956774395777,0.793604609736322,4.4906856441078,4.92189804881988,4.06834406084368,3.16705278409711,0.720803782040037,6.38924671270748,2.63786523968547
TCGA-A8-A09X,0.338224719989013,4.44962740033535,1.05658352836637,8.11282000488603,6.42614564356674,4.17422263419487,3.07872937123654,4.15927395754716,2.42575468862414,4.37183064911884,0.536351357995484,3.46343936210694,7.13761110708178,1.88764224127319,0.025879273023259,2.72362408738936,1.30264075142857,3.68041438180682,4.73727033130687,5.7760539667575,4.57957842762046,0.6992851001996,4.53301506976297,4.4776838028427,2.33888075625889,2.85043940439746,1.62419449710923,5.57644353127139,1.56769146201975
TCGA-A8-A08Z,0.648281355360752,6.68706628885325,0.985791854412711,6.73758536904636,6.62906659465372,4.21295058327867,3.12982701649835,5.48104378622172,2.81974992027679,3.19624506603131,1.11809388938682,6.04108524455938,5.99570158518629,3.58547937384324,0.825704231936496,2.50594172795679,1.33456827566613,4.70943401572012,4.58233319901367,5.17877040412474,4.98372329116592,1.47601869975782,4.48523359614454,4.85861763038128,4.59189479991796,3.94354630834475,0.0,7.57130516803116,1.44932365699078
TCGA-E2-A15T,0.15678490755436,6.94610504199396,0.638954249797834,6.76750649597078,8.86367151228456,4.92423768589803,4.07350321677425,4.80629827633336,2.28338843943231,3.5528565780564,0.603596674860207,6.23250727043012,4.57563302841811,1.10306115633355,0.107687869314373,1.50512874161279,0.640713464839609,4.69822959293538,5.26586816979259,4.68879580702463,5.35659810309618,3.07234594375766,4.53223590677279,4.54987859886995,7.0951438036357,3.65918247535313,0.0,4.85557615845808,1.36193675757209
TCGA-D8-A4Z1,0.977096712496954,6.33441095498087,0.650672664786422,6.62204596078442,6.26833520113943,4.75586499757737,3.02073331278267,5.99879349276165,3.42600974420491,4.45196935793231,3.98209916872164,5.73917573222439,6.18385567646683,2.73437362958302,1.87684105610537,1.84955898021204,1.95706024053702,4.22035317403349,5.14258089841678,4.34203554353532,5.24667030250368,2.07498488495381,5.73272505818609,4.75341199295508,4.88930804170467,3.99990081130629,0.53605290024021,6.75320738751216,1.08317932194658
TCGA-E2-A15S,0.793438141722419,5.5113162219187,0.341302652973009,7.01302670562445,5.0906163484066,4.10929368902294,4.13091440061098,5.12398065513358,2.26026658699757,2.41643443356885,0.144699025154139,6.26739346910755,4.23738780648049,0.675183625787811,0.268673924548358,3.57896285841503,2.73770839085853,4.32386001214648,5.13936307352677,5.04120793090616,4.62953148160832,0.229833990460998,5.8260577604174,5.15642088784439,4.41150759841622,3.40710797532684,0.0,4.48796862486451,2.09440499380133
TCGA-AN-A0XS,0.896930551752872,6.48054303384589,1.15257284546758,6.38051474576621,4.97508902830618,4.47517569722432,2.84504839321384,5.08275367536063,2.35980226054848,4.19747227572393,4.34267562869992,4.72258077973982,6.02459893494549,2.66352679508257,0.429964043516947,2.72713628644581,0.924251940345866,3.62678954637581,4.89343987731612,4.50575122538281,4.85724453523543,1.94084329568946,6.01051132213351,4.65894264384042,3.94525185444722,3.18558114883453,0.668482249541329,8.38652472379768,0.890563426598291
TCGA-BH-A0BT,0.338452940355049,7.6882545060581,0.247076831930818,6.16552408716373,3.38079870063561,3.63686819070199,1.65544342538989,6.42857624669425,3.0493345318093,5.80530019536021,4.90103581674672,3.72588291095703,5.76939091904023,1.24659050290518,0.4743581628754,1.26459647949088,1.31161936340684,2.87907837116873,5.176972956008,3.8914677943507,4.81516551408758,1.41910736678436,3.96921497074528,6.06720200495117,3.58292927313785,2.27587121334764,1.23725777090037,6.24036585323654,0.442651610775224
TCGA-A2-A04Y,0.17951105027151,5.93070895639768,0.432211149171219,5.72541397767482,3.62093824438629,3.1752211800785,3.8382963058635,4.41804823567326,2.70128289341469,3.08033361743118,2.22539833734074,5.17591576032637,5.42939167630944,0.303225477672089,0.235972082773581,0.832120371553323,0.692159346176776,2.44665324728625,3.56329238511567,4.26191437972007,4.15719735222071,2.63907005357543,4.04950879559664,4.670358828565,3.39643353125099,3.29238421725813,0.276794404789259,4.87861254989934,0.249991368358195
TCGA-A8-A0A9,0.207143204941749,6.92208721532966,0.512176309114142,6.89587090990795,4.5327096880155,4.61725145811616,3.68912021051819,4.95429403803117,3.05561215668669,2.10527578341569,0.257493447876156,6.49779596386208,5.78705889104044,0.717824454487637,0.634872023164214,1.27798474729977,4.31525464641953,3.99058279672209,4.71023888498379,4.30516799015635,5.68421842461253,0.641268561053033,5.01766362465525,4.89838251041178,5.64087538996563,3.43724105767566,0.448160917766045,8.274117664159,1.80912628806282
TCGA-A2-A3XY,0.446256229889564,4.90032584684168,1.03428615771194,6.33939931293328,7.15998937063496,4.82533789521925,4.81989805638894,4.9442540735835,3.24592153269824,3.30227517714312,0.244034582393693,6.9418469578513,6.61312495361398,1.65113207791672,1.3743439890385,4.09087036339213,1.59493066981239,3.491057791892,5.16854977842219,5.11268345409757,5.2854835993641,4.87834279514035,1.50227967617758,5.71461370141511,5.29085195861743,2.70977586437295,0.481918877834791,6.67509327382029,2.51740168727463
TCGA-BH-A1FR,0.290070469601541,6.48503711806665,1.14149818813431,6.56121308730536,5.8939810000395,4.27154519848569,2.88217348575438,5.31249455490768,3.12849137851042,4.2337193678563,0.147957881387101,5.19898125599862,5.37198394199945,1.94140684110914,4.52052911086795,0.919912088677308,5.01337739289628,4.16283841940204,4.58615823969426,5.1774275114113,4.87757249031538,1.60112598060183,6.79421569477365,4.00817311636353,4.53977919169849,3.29344405918709,0.612399683428007,5.24872457206237,1.96077116431285
TCGA-E2-A1IK,0.177726482932068,5.89160874685368,0.441377238922713,6.43905957863048,5.30402908949208,4.33985712728699,4.09557003032482,5.33590838126049,2.76428245290101,4.56149111120609,0.550703696247888,5.70022884730187,5.50891031562908,0.909120240124133,3.37916346315601,1.14528616280352,1.01149563883783,3.56025028294239,4.10064972522292,4.67910846970249,3.97690431590013,1.80024762845358,6.16199849966713,4.96459732411536,3.28657069844704,2.28800412069465,0.809496764000886,4.85758793155879,2.41864873028911
TCGA-D8-A1X5,0.57840741375362,8.30601519424179,0.53784272132138,6.53717179860023,5.4784573893155,4.83627258242935,5.06084721761706,4.87027593561828,2.32780231537653,4.35442394960681,4.04287192911025,5.57033541446543,6.29608659076521,0.640250721454018,0.332736572463861,1.60876194042332,0.351289097598875,3.7151026360576,4.60593281236936,4.22400939428469,4.92787275617807,0.798174969072156,6.00095321628008,4.33832457084145,5.77535085214341,3.21454449393671,0.705933680467147,6.30945634469311,1.99852047919908
TCGA-C8-A8HP,0.975483451634553,5.05599384499268,0.409363779269573,5.93102111851142,5.50016786706054,3.64420239504157,2.54257998870265,4.64419085620441,2.65225702218969,2.43520185588707,2.0167815502334,6.88821599057667,5.26440131275335,3.00717755732444,0.276794404789259,2.78893622924483,0.86036693013812,2.9771333565589,3.63787682922649,5.05267672430358,4.03203911284096,2.28439568051288,4.45070319377911,5.18073268350362,5.18028712607826,3.27015513876653,1.59745966340406,4.92487424725747,0.571725343891
TCGA-BH-A0BF,0.501209824411169,5.941146228714,0.728921827287314,6.53464994359918,4.80063592080368,4.26870386312376,3.43405437121601,4.96447256727422,2.57218633471717,2.3268536939456,1.4001553460842,4.62917590756498,5.45276344064692,3.13361284218537,1.45853949501812,1.55861050893763,3.28495824438855,3.38907114435818,4.29850436123317,4.72814364671926,4.79320921683536,2.9465250134784,4.6866237813002,6.06477940415905,4.17159915893078,3.01346225980656,2.13451667836177,7.32432458386289,1.0394191831334
TCGA-AR-A24T,0.95969597875237,7.24284064908346,1.20031601615496,6.70270879028843,5.40839937911218,4.73800035668137,3.60403573042451,4.9921203411561,2.20335779222588,3.28086725583289,0.402722176845605,5.03054796416297,5.50719524237508,2.04166353172936,1.15497198831638,1.32267810132385,3.51044296194458,3.7151026360576,4.22870327027574,4.91521014767875,5.1359862569639,1.24135208577066,4.66755723582413,5.07730282509298,5.08855717704175,3.58716093477828,0.339023333372754,8.81034316316033,1.45901186447638
TCGA-BH-A1F5,0.480368537347213,7.88236976725856,0.232783534122453,6.63968510533001,5.72477576546513,3.85063942589333,2.82535824969968,4.91359793849976,1.94616939095989,2.68378626910085,2.17255152008151,3.60573136581573,5.89130495276343,0.239886800795721,0.37506724206761,0.808179083771471,2.49298116330852,3.9797418532182,1.93772102576179,5.14685884017986,4.82551598718673,0.712023430910812,5.344217778315,4.63813756928885,3.3975154892399,3.36439033308031,0.0,7.49935720097778,0.542307583510237
TCGA-BH-A0B4,0.229587922740652,8.18207945891878,1.02998286621571,6.30257678261536,5.84357438606771,3.141023991221,4.0781913787916,3.15583017155653,2.0959919129246,3.33853851368556,1.66229666233671,4.44373261659108,4.65554074059418,1.76782426787702,0.49702469417753,2.47269571251829,0.486250988884108,2.86801503679446,4.98419740902399,4.78704582728033,4.73434111020648,1.24458266097051,4.69204214532543,4.76049774700357,4.47446200244365,2.93954630521337,0.567253374550151,8.94255585027541,1.23137096356877
TCGA-BH-A18K,1.06391705369231,5.03482316774382,0.784168920502028,7.34815361709536,6.16122058395255,4.44022801188367,3.9655442002317,5.68999238227529,3.34249785574996,3.41260541096948,1.4109922872209,5.68193551664718,6.55350028068728,0.162210036314307,1.31161936340684,1.32711247074709,3.49080114852119,4.31253448874098,4.32994160928822,4.16365973836986,4.74505442854729,1.2255217342566,6.27946943841485,4.1434995433295,6.60817201019977,4.29807906866404,0.418243929912092,7.52162242348066,1.72844299661384
TCGA-EW-A424,0.942232976400716,7.10601847387511,0.454702328163688,6.42925775646558,5.16212542537742,4.16571903088037,3.23147849039005,5.64487437309716,2.77909158879384,2.91863429559953,1.15458320905307,6.456135889303,5.440912344025,2.21707557938081,0.783749983007175,1.40081114140935,1.11296696495818,2.65475630776546,5.02231454330504,4.54961988909773,4.92576211367192,0.858458497903629,5.06553353821256,4.42205803638433,5.1715911532316,3.3530550548214,0.0,6.44482274972315,1.34318038446328
TCGA-BH-A8G0,1.05720763639927,7.57985670541853,0.551688269438963,6.1440688095517,5.86952105123241,4.24191643393021,2.97559350401838,5.60256377419307,2.89762767427955,3.62764185457462,1.64038956005495,6.2066275967861,6.06004522135561,1.81835976482304,0.763751492016703,1.19566256285592,4.8570454274705,3.82552107520564,5.13686810619365,4.43249847273486,5.10194416498103,1.72722343728799,5.89022535869529,4.78203630997271,5.09500873524363,3.74516202169817,0.190298791626595,8.54177926491971,0.823912367487802
TCGA-AN-A0FX,0.563548654879954,6.84380676145315,1.38509966247936,6.04697336216789,8.75561634656337,4.2497335478987,3.63853727921519,3.67897330785417,3.01558677166334,2.41204983247852,0.788017448177458,6.32463961520818,5.66585320472624,1.43978268947598,0.528871328238121,2.85371626009001,0.990083536172477,3.61149110724077,4.63513911257131,4.73948630371537,5.42569763054619,0.796099327703432,4.56428670148297,3.80696328024986,5.06645089550988,3.91207497146824,0.255319440705788,6.65906684727965,2.12829340100982
TCGA-AC-A2BK,0.0721744169243166,5.97850683742942,1.73508887047818,7.33425361713848,5.65062097165315,4.45776499935645,5.57358660060263,2.59282775478428,3.16172647839428,2.55638036421059,0.142217361803823,4.9356388948897,4.80301516379821,0.269152867217174,0.0760117385696413,2.97135041531262,0.325501549334499,3.69145599820966,5.43878852647635,5.17997674585114,5.65040843597675,0.457436697772369,4.38194088113908,4.52159101801106,3.51505639473331,3.80383664263332,0.761540595022473,5.69213702293913,0.981779603590194
TCGA-A8-A08T,0.155619721026447,7.91383366311042,0.511468039275866,6.38241479360551,6.02171734387788,4.61883769608902,3.65490521102456,4.04108524455938,3.06225989447013,3.87140012899743,1.13198450875653,5.39670067226479,5.45132652281922,4.64137839853113,0.0760117385696413,1.11722958209437,0.479023559980514,4.2806594324552,4.54315558503031,4.31386256642524,5.03133343574808,0.294194309759318,6.37576928515511,4.14209480072625,4.34375601701001,4.05516094027682,0.254835882785763,7.24805184561906,2.4530434070837
TCGA-AO-A03P,0.268314613175228,5.88482744459623,0.692873507463998,6.44134403711197,4.90082334538342,4.05608925129286,3.65362184773292,3.63675221004088,2.68066192149265,3.59148793839794,4.78672180817939,5.11870856212563,5.51299481289467,0.92333937163215,0.154323964660477,0.628260338337299,1.92793436900039,3.01349799174898,4.43498176968845,4.91995498000381,5.21144836362666,0.222186307322112,3.83942553029291,4.92600416425579,5.3426685182025,2.59483514923495,0.400428630364699,10.3417728708697,0.584866317845632
TCGA-A8-A08X,0.274887811577583,5.01805103233032,0.556306784224977,5.80808381414158,7.04814679927544,3.1808480286271,2.92059819692919,2.9254867910959,2.14094221737709,2.03927879535137,3.2628089671208,4.14773814011518,5.03046851063771,2.81011401256243,0.3489122409942,2.93644007011421,1.07169403326968,2.93764570690506,3.66971845813978,3.28583126435286,4.2268861089044,0.538538163629804,0.844466001366095,3.40668631960533,3.46504718604421,3.71283785999012,0.891030267840923,5.47528596401705,0.530570203902529
TCGA-E9-A3QA,0.168128529576949,6.10898019278731,0.785676088992904,5.8298292686325,7.40479840990363,3.45855261848062,6.03882902375468,4.40864393593509,2.94270216078187,1.90812117040614,1.02545409642775,6.67467391014671,6.51545069566186,1.61221093546661,2.07388876824529,4.99122250540369,2.16137176621534,4.06144788231854,4.93198083034958,4.39576888900697,5.56929968398815,2.07457393877531,3.41782551683135,6.59728087084445,3.54249331990229,2.33819618990465,2.19610339771481,4.59725703016228,3.13825746275896
TCGA-AC-A3QP,0.982436917767054,6.41244282477561,0.496002086365443,6.06321169904943,4.10967815139454,4.13740515482544,2.63196568320822,5.0633131015215,2.56479274662002,4.37235317161294,0.044464066513246,6.26916783161389,5.78620688620541,3.03488477906259,0.248899107076326,1.11416709954703,1.0775848292956,2.82781902461732,5.17753116188818,4.96691030141026,3.97599695761644,1.53540602987803,5.05712963765855,4.32950395827175,3.58019373428679,2.7014825206644,0.433707277495855,7.19981660712746,0.697773819555186
TCGA-BH-A0BL,0.674641429085824,6.03117019876859,0.913032999952141,6.33961844065344,7.11471370489478,3.89423571850141,4.33987137598617,4.72444836760352,2.65051183562216,2.59146400179373,0.615322123494705,5.59695302692564,6.33203117601946,1.62171197714902,1.56242561196062,3.58902037958596,1.9919707406609,3.8074373594189,4.49711413788401,4.89384270546737,4.94188568169786,3.42134450071843,2.94354630834475,5.47583068802794,4.32862107767448,3.26365042530438,2.54460902638193,8.08794913845539,2.53694808833939
TCGA-WT-AB44,0.775092694119104,4.69029416507873,0.219091058246197,4.42930128177841,4.03503439559775,2.73298548420619,1.72132890763703,4.96602894499441,2.03044202515687,3.2897164484863,0.838427421907057,5.83879801243222,6.14866164202487,1.1627256528462,0.16658691407045,1.76205110282712,0.230817841861083,1.65905685429503,3.20296617056141,3.32397526869577,3.91315749694041,1.41878363851174,3.14334443545872,4.23812190515758,3.45015549735919,2.81508351715437,0.0,5.38901605968851,0.512277462140713
TCGA-AN-A0AM,0.995665409736109,6.16985086104214,0.27953072572999,7.79134003932663,5.13822469099359,4.96951891221897,8.87701996038971,5.00910526942838,2.69545938263856,3.32689682663604,1.14587306160104,5.774644759374,5.72586110348619,0.261711328876685,0.631895859053804,2.29545855518118,1.97357454188719,3.92941228790125,5.49559923556257,4.82950964438986,5.16854175578367,1.10312831621723,3.14326279303862,4.9516996851273,3.64794763658248,2.05779682396094,1.77027934320973,6.29212097609327,3.02460336714066
TCGA-A7-A5ZV,0.366923648978518,6.25105439100039,6.07718317029094,5.79665485440596,9.76414724234636,4.37459438689019,5.64182922267321,3.55231558431578,3.03127167257659,2.14551442959617,1.28332916805164,7.05331664516552,6.31246914189278,0.445938537289266,0.166458371722533,3.88023491876846,0.192825403552391,4.66140758035968,5.26629181758064,5.49985864013217,4.88822695171778,0.309758271424635,2.01984422012829,4.49399951145551,5.1134796445842,3.38781744747575,0.0,7.47067026103778,2.52822122907353
TCGA-E2-A2P6,0.276317992652217,9.05505543723982,0.68885174386588,5.4924460824077,4.39841194080453,3.79639009733101,3.27811859939299,5.6624960606253,2.12512206056982,3.61188056710276,1.26369548957408,7.00919262790739,6.26899760244143,2.54878184374109,0.088548697010238,2.79495645076675,0.410449655461803,2.90133998264089,3.88424623952767,3.40778780562436,4.74108940932213,0.843099470232019,4.62307086632125,4.47517569722432,4.20040234046558,3.55189740470715,0.421263700854267,6.20039645488121,1.65654213334999
TCGA-BH-A0DX,0.663025756497975,6.57523214511476,1.04369446122598,7.10933966274303,5.31742346785601,4.65679952203618,3.90126274023472,4.63445967938683,2.94031712128222,3.94931080764125,0.771885578515366,5.69860744216793,7.06882341187287,1.03920859633713,1.15211850443194,1.58837284500046,1.04523326147366,3.58283295460921,4.48223520099179,4.70515958970221,5.04204016991423,2.63842143266268,3.24054331037393,3.96828432752999,3.61040478489906,3.16563864491042,0.266516712754505,7.85682886658069,1.14841353439182
TCGA-EW-A423,0.20326381272108,5.90679922202907,0.289244285156642,5.51233751839476,5.03504759631182,3.90502350237492,2.79433268153519,4.50418815469608,2.75958197323355,3.71364083303955,0.804879608254672,6.67986711211461,6.89622824755964,0.422878838957307,0.185105362542592,1.53828982985849,0.279174108489047,3.16913932024298,4.99031503300098,3.55311470811523,4.94106874027387,0.280362489973778,3.90672708090454,4.50935381046972,5.27250848619555,2.69267268533148,0.731009412420729,4.67986289071893,2.38661783861029
TCGA-A2-A0T5,0.357045212966807,8.06581569846153,0.648005179810493,6.8646269351932,4.20190042149576,4.31291199036407,2.90750601421266,4.97113885284709,2.27435112794282,3.55347109752358,0.266036893995317,6.12498150141393,5.36065924732021,1.71285986520722,0.439144375901279,0.278341658621642,1.22298998550935,3.83626753218741,4.33374572793273,4.74396728769693,5.05892687065792,0.380064458843981,4.59811504661657,3.99226086082494,5.16008520298777,3.17095055331837,0.0724488500696924,8.53123601392807,0.944408704532772
TCGA-A1-A0SE,0.360645202460216,7.74275741892374,0.558855369686171,6.84321130311197,4.94889514968692,3.79353178234374,2.77065992900966,5.78234303404953,2.520573110708,3.91407652686462,0.723951672341124,5.68569631574283,5.06123616574775,0.993275822202105,0.944033813009501,1.28989346990302,4.21753318508442,4.20266846698256,4.75291447039524,4.59991879143276,5.1905674543362,0.766383141001298,3.90084749143247,3.81573936216664,5.41526853740588,3.32718434495514,0.0732718364245194,9.17948741320755,1.49784225886096
TCGA-D8-A1Y2,0.594166328050996,6.32307458177669,0.77955390349489,6.34961120273081,6.26647735862973,4.39307292232947,2.67185946824748,4.64802244233135,2.79100134977338,3.23754842248764,0.28463257625083,5.76218667610315,5.81772045709438,2.49646234958226,0.313942357292346,1.37016428054021,2.34312351940185,3.774871379039,4.16616910955798,5.14515570841869,4.97478167026891,1.98258294692259,4.94373382963453,5.26006706884684,4.47614834874565,3.07076712712103,0.858776745308193,6.92313610390889,0.985864701242533
TCGA-D8-A13Y,0.687598238507282,6.43066664008746,1.13040376165804,7.87480065376471,7.54159692107141,4.78717645955847,4.10228859287717,4.85430490549544,2.12604775520594,3.08244713204036,1.18237448827581,6.13671843488798,7.33519291975826,1.37695711447773,1.05873209815973,3.05356319425737,0.250355271763048,4.48099533390989,3.4346015417013,6.86386041793288,4.73930266952103,0.272381578093046,3.0922920213962,4.45033368648312,5.63417794016829,2.84663371740897,0.0,5.51836203036998,1.2656169216352
TCGA-AO-A0JD,0.550900664647523,7.02644930019836,0.16877038350082,7.57652591697842,4.94186221282402,5.40792713127673,4.83191776576411,5.12983937774091,2.45793568665984,5.62541662207078,2.02906410969844,4.97159873167006,7.49436520479891,0.23204671335011,0.336854639125465,2.48277085549664,1.699107384624,3.95720886090243,4.05205934999653,5.22586873150747,4.32750773458721,1.19269917799206,4.36628024432506,4.29056447886063,5.32504455445455,2.43060643092981,1.04977015181638,6.40949107267114,2.35306917376701
TCGA-A2-A0ET,0.0395595572557058,9.08424900256457,0.362329610171569,7.14443289971874,5.71212801172193,4.18866202940932,3.63829399070981,4.97494682601051,3.76393204064342,2.55045744792584,0.0241778143011653,4.70981996797692,5.43168981150269,0.346077534535597,0.049909522443058,1.91949263961464,0.811306611469781,4.20306800242128,4.29040228551749,5.34044833007193,5.25955873754921,1.56496342060955,2.09740853548056,5.06680390108674,6.19256899631502,3.84801694384693,0.731096329614531,7.49830432924065,3.04013845618006
TCGA-A8-A06R,0.134878054343112,6.52264116010988,0.920140827684878,5.36058902165292,7.01327241902191,3.79415589787641,4.92447999235902,3.81898345610324,2.77521914463771,3.20909459685109,2.91119302303245,5.29199025808787,6.77678568468417,1.58693283785313,1.08766650146867,2.80461119411218,5.56281938685259,3.2185177085449,5.05387593600287,4.04125174493025,4.77785627184115,1.28392177230762,3.93127647364754,4.62376153471654,3.47283865461025,2.95430799858281,0.661567199527146,9.30443916993214,2.68043688716979
TCGA-B6-A0IG,0.232415170775402,6.23255907390225,0.312781327903362,5.92072918744814,4.76118951608816,4.30761795755839,2.63198895717541,4.3318198480226,2.72257531541019,4.43073353620459,2.89528323014061,4.49742714719468,6.15650381152327,0.830498727993734,0.528871328238121,1.48866924465893,0.952557222682185,3.0866309301823,4.13892093088876,4.83135031813718,5.05212892650726,0.956131016219584,4.8451437625783,5.80063333253402,7.34447967336452,3.14035330883444,0.252415659032651,5.87091456520772,0.864730922314751
TCGA-A8-A075,0.148478615931968,6.33089895632577,0.382501257189115,6.8669512385693,6.61010353984604,4.25389096605002,2.63862994975998,4.15831278813551,2.30667054689641,3.54215897717789,3.71048136029625,5.11739999133743,5.04733334677762,0.858538066336536,0.797428082152313,2.46740991715289,0.643302088484766,3.82052618881362,4.1484704809,4.40674073372057,4.52364976960433,1.35603109527222,4.93103530609367,4.49631533701531,3.99615370179395,3.37704043420944,1.55075294086895,6.64654431013218,0.597793350242805
TCGA-C8-A135,0.415326009436968,5.29632157472632,0.940880872233434,7.49264555941763,5.29900282050038,3.12743518442737,4.25989764498127,2.6253873967157,2.91343518228274,2.76472830907931,0.567253374550151,4.3684890006451,6.27660088133216,1.68585046764525,0.413702388782177,2.70843005637228,0.461109415065255,2.91353092345758,4.60973132673898,5.21888188948572,4.40221054052014,0.677440587921541,3.64158070883995,3.35914161186983,3.77389086109264,2.7001067500954,0.281549893366642,7.37214505616374,1.32699746456576
TCGA-OL-A5RX,0.686164326061359,8.00678497472906,0.437547355287785,6.93345107097534,5.07993272309099,4.62155960805541,3.02690626611217,6.17965833777631,2.58522697056966,4.59745966340406,0.593114696484615,6.92018490343026,5.90804429022489,1.37200484431215,1.05325038470225,1.33319471633589,3.62060986871711,3.89236188026464,5.36038534788483,4.50583377958671,4.94805880064935,3.67062509364986,5.08398345118731,4.65217096050559,5.08990063237077,3.48738344303651,0.492006975593955,8.14777832678369,1.65992455840238
TCGA-AC-A2FE,0.891652487933974,7.0267148670139,0.305328532039964,6.37337850724152,4.81509889193434,4.56732031319027,2.73617189360605,6.14744509967931,2.50926512240761,3.81149158159487,2.09247808720038,5.93764806067886,6.00825828996051,1.36636418294565,0.72106636873105,1.66092861686876,2.31048554625018,3.46872666711556,4.89575823934716,4.63996721781666,4.88112130417305,2.18116617426998,3.75738600882025,5.24839441548859,4.26779045695927,3.19759808438039,2.09811632546681,6.7604445202554,0.954196310386875
TCGA-BH-A0HY,0.0893625528277345,7.11347756088943,0.801075859167457,6.80832841269406,4.74811769328557,3.76366652013807,3.26843439357638,2.75189213840431,2.49855724809902,4.05208544158127,0.207892851641333,6.0432570025244,5.58949685134484,0.855750556764647,0.688493710599149,1.62086788446328,1.37767905900582,3.33143293012048,5.05254631512191,3.47578530221513,4.97276157091108,0.326192164494116,3.98485362278414,4.20077896793193,5.092854374232,3.82114894443219,0.0,6.62879400505179,0.940354711533293
TCGA-D8-A1JJ,0.358283722852818,7.04359167035383,1.0934249594191,7.31438928589633,7.47745796037439,4.58873861784595,5.51478820853281,4.79323523285656,2.7415748474188,2.97133201980803,0.395720913285953,4.96839032214738,6.2051539731123,1.32013804297497,0.640250721454018,3.06732894470474,0.313478057653327,3.81793018125281,4.41634660175072,5.14394028519878,4.69096456760672,2.27664554289562,4.71899720358929,4.70344958933847,3.62185261126142,3.14465008622909,0.477366480067235,7.62692676697463,5.65191274464578
TCGA-EW-A1PG,0.295605488588061,6.30872127092815,0.797012977836145,6.77196214704749,5.58533514880841,4.7320575018536,2.60599205600296,4.69384932813162,3.07057823987302,3.1168637576909,1.25900124994155,5.25589345530448,5.45073618090023,0.719490131200293,1.00057696263152,2.91977864083956,2.4757334309664,4.52536733106569,3.80231731440359,5.19258872156664,5.42743521133513,4.93343100548696,4.33728292918083,4.42879898677568,4.24649929795888,3.26429621203483,0.0,7.88037697296201,1.88405082388799
TCGA-D8-A1XR,0.153805336079035,8.67528385338154,0.99667797961637,6.60741169425146,3.82520558409614,4.70331115112855,4.31490675232952,4.82358633470881,2.50095498082165,4.25679932940236,0.0408223101073411,4.84532444513951,6.43729100194093,1.33839588864804,1.29166249044784,1.80351637318683,1.68297773459012,4.27007288897214,4.29829906323194,4.42388066152719,4.72294137974283,0.99102744700066,5.00655386187848,5.49858277687656,4.1155659959216,3.69489133325842,0.056860943046751,8.88692290512172,1.48841217599573
TCGA-D8-A1JM,0.153286520990863,5.97325308270188,0.387252238833504,7.31621001756077,10.5563017063011,4.58182724594619,5.05950670418946,3.18054572526864,3.40544784370754,2.02488699931318,0.0894981508391026,6.27100540156495,5.53095092727542,0.109962253398818,0.059078342201253,3.45383360741067,0.257493447876156,4.4731504791144,2.76678595374724,5.42133776756925,5.55066676167896,5.32988421999714,0.720278465233327,4.79141818716404,3.96190109904945,3.04358948323443,1.61244686656018,4.47286464255998,2.18573970940278
TCGA-GM-A2DN,0.159370846660203,6.14436661563345,1.05554274796229,6.21862813481799,4.51935948043564,4.21985000867949,3.82997130112495,5.73282543628244,1.91272650004853,3.42291919425148,0.171078696058683,5.83154793683614,5.79841606874001,2.90043212307537,0.0694272104560142,1.28071881361801,1.68594014844598,3.3907777267512,4.57464044963949,4.15445359267987,4.47787157324577,1.57724753559315,3.68859441643649,4.89736145196142,4.56694298208551,2.69110978043581,1.46508637888607,6.90962431554373,1.72940049908955
TCGA-BH-A0B6,0.31150311546827,5.43442139872485,0.268554164033543,6.44960429167633,5.14662264056274,4.12130556905711,4.54424425747051,4.78002657215952,2.11109810227977,2.53029552137827,0.437547355287785,6.02832160975291,6.36493131057241,3.39120405710808,0.363899951686622,2.43754735528778,3.40901069345745,3.04523326147366,4.79543968648956,4.49391627726393,4.77151059806044,1.16793591770231,3.83774145224934,5.40301884279689,3.08452354033344,1.90465749990576,2.53749487441412,6.28767175268507,1.32146635859253
TCGA-BH-A18N,1.30608721556027,5.45094068421808,0.513187520370855,6.81139396142857,6.50732370573197,4.42462653381489,4.58391616747486,5.46353745146723,3.04533811992781,2.97572188785663,4.89816964789723,5.85664712948448,6.02766497450778,0.40261304298717,1.42964274251546,1.23014151610343,1.98750278321603,4.44996408452359,4.53329546545797,3.95680011805158,4.89204123926097,5.7341757920411,5.53316773639955,4.49724829304715,5.08674131333288,3.89612650619017,0.255802836602718,7.26006989240937,0.530570203902529
TCGA-AR-A0TZ,0.247441471144408,8.82641787616695,0.535356258603784,7.23824326309534,5.45057453679942,4.25694270732229,2.65289945387296,4.46810103480962,2.61461562421961,2.72073812789883,0.790355013710841,5.32139780701347,4.47257874936245,1.13986236801564,1.0474685905079,2.40865752120981,4.55507376127497,3.98902089777595,4.95984896352069,4.98334479681809,5.99325770415192,0.710966188696129,3.97177344719337,4.7076352195453,3.36897782493334,3.7878398889244,0.240375394498092,7.13573903737536,1.02169291782153
TCGA-A2-A0SY,0.566669050912804,8.25363904126063,0.6535186707536,6.60800193539297,5.53159667896598,4.59433356241734,3.15961304097887,4.93366233182679,2.42274431315684,3.55897778447763,0.246104009883917,5.27953444002905,5.94097011260303,2.66382278156708,0.201884742839857,1.54952132078964,2.32823330082357,3.51874913546359,4.78165871387417,4.11209123700229,4.8550378821802,3.11591550817617,2.022545364569,4.33050103527043,4.13191867886257,2.52651958343844,0.813032077737975,6.86436321995919,0.963696059986536
TCGA-BH-A0WA,0.442545456105304,7.98847735546162,1.67201793526453,6.56605403817109,9.95883977593357,4.60053143237212,4.63792898100901,5.14901949263032,1.82631458649181,3.46556966974498,0.271784213569217,5.39291498695167,5.75728199072019,0.442651610775224,0.583133928662418,3.35653824322659,0.204015477399888,4.22902642362534,4.27537214622127,4.56359136208195,5.27481701058579,1.15166402026778,1.85622879821904,5.39991959680552,4.24943775591847,3.34586470684836,1.48403498577795,7.21848283533417,3.04954364582833
TCGA-A2-A3XS,1.78772498599704,5.72755292882818,1.573277567876,6.25199359507332,7.14717032020172,3.71050340148579,4.56122225378256,3.76543927073788,2.65409178284189,2.33962200343082,2.09781302941991,5.05471826398584,6.54898523771701,1.52431447022215,0.242206148570875,4.0843874739324,1.00669298278711,3.13464809828314,4.50065548206981,4.27299362013955,4.70624320051389,1.7497487788645,3.49869765078559,4.82912904698788,3.76748530868817,2.50024117918946,0.362329610171569,5.25968677860301,2.723907998645
TCGA-AR-A24Z,0.167229454071669,7.00448004378589,1.75313382944494,7.00989578298402,4.91502366370072,4.64673869830785,4.10644882889577,3.10986198849144,2.9696386291599,3.33892353087257,2.99669605476425,4.16837728186156,6.3094799918382,0.233397264101883,0.877822761828475,2.33745420960853,0.453965265396409,5.61161208709102,4.844516216821,4.69756255866736,6.27609462029497,0.480161699348165,5.59236733323326,6.51350337858921,4.07732846411663,3.95173697996983,0.162338957724597,6.36214898141356,4.54872020354126
TCGA-BH-A0DD,0.759581973233555,4.9712492371346,0.673827751773452,6.99178825238833,7.21144057603039,4.29812307026143,5.30568239082829,5.21818831682419,2.71389373198911,2.84122843978824,0.0476779751444756,5.77921243534633,6.17361917752026,0.522859255191698,1.5900989584528,1.51591425571086,0.604261139476106,3.90927388176868,4.16035551679442,3.34502727986284,3.98550953819937,6.24919311288644,4.07908792144234,3.76834314484654,3.81950469604193,3.43618849640448,0.509037042352887,7.43747328383779,0.291957116429807
TCGA-D8-A73X,0.496820230594296,7.35453943478335,0.652601217596519,6.15849457094663,4.71201792644759,4.42533844848065,3.05351106404132,5.95937604907796,2.71560787752938,3.87496413968698,0.768840667877416,5.90498498017148,6.04206206445888,1.01163875624689,0.494159563712844,1.35038409009432,1.92082682718891,3.76459032069999,4.92700515787427,4.46096530604609,5.08912098729602,0.400647220522828,4.89382814737279,4.89879363316888,3.79615125514949,4.05177231141634,0.523561956057013,8.89078653234039,1.63909321321554
TCGA-C8-A1HK,0.277627747659005,5.06431811077674,0.294547233895515,7.37918079530368,4.6906964439777,4.52079308978163,3.1265268994488,2.16587978938436,2.56800777581335,3.40150759746772,0.102322191196686,3.84838758356007,6.6096485996724,1.0648138874585,0.495388173572822,2.91009942539339,1.56374387748389,3.64424854946735,3.93238249058586,5.51476296491159,4.32296646154964,0.357157848719754,5.65294819817155,5.64463503482756,5.09088306296747,3.34886976151828,0.693319678811575,5.46464539801493,1.60402386581459
TCGA-A2-A3XU,0.390667685559667,5.67983756208546,0.125783331627324,5.80748115235119,7.3658333638402,2.62318795203521,5.46763815299236,1.88869454950954,3.32554472246876,2.04886391441462,2.08868437153339,5.89965660980081,6.45027924214132,0.543495883425772,0.0330881693321878,2.62131343936677,0.0,3.10839063537966,4.00584907569669,5.53932634015967,4.1486494410077,0.446997240676389,2.15901555476292,3.28067427797504,4.69977925656291,2.36683974290332,0.0,5.47223105288411,0.548140656895047
TCGA-A2-A0YJ,0.85606940201505,5.93870686939174,0.768671317596568,6.99813907624248,10.5410972931256,5.10244397854617,4.03322034922297,3.49586142108925,2.9126498648972,2.69939616131858,0.49702469417753,5.10940653099347,5.02394725409106,0.646623508476583,0.586212294923966,4.43305291225779,0.103531209877993,4.5222566676267,4.54604247824844,3.84604193304148,5.53810044663029,1.76290154793598,3.03075981884029,3.81226203528232,6.37209019227944,3.34843073367764,0.328376934032666,5.95839031247692,2.98336760049339
TCGA-AN-A0XL,0.66393660635517,7.55736413592979,0.734915511304585,6.83021855647811,6.79788196578188,4.62158305050188,3.90827491847906,4.56778271350085,2.70015115027517,3.37134976122151,0.0292761823706321,5.23723099741417,6.02321320653437,1.57661887868637,0.493339908813507,2.90284538355057,1.10721916834786,4.32146635859253,4.85406049715568,4.31859884438117,4.83899713400721,4.44501153408261,4.6513215432211,4.73442240727349,5.56277970898101,3.51750247460484,0.0,8.10022236819049,1.88947354253111
TCGA-A2-A25B,0.162338957724597,7.59856619428509,1.11589886665539,7.53056630252826,6.32040524817626,3.89938834462999,6.18853148291324,3.35148699233648,2.44667971122845,2.41705585981315,0.799087306074004,4.88241806920401,4.70861766229232,0.598079306117196,0.706375831637021,1.53977919169849,0.78257631041223,3.90125308464316,3.41921526006795,4.49858915900036,4.9844663104788,1.57511866734855,4.81500151556053,5.53943801538737,3.3145080205222,3.71656295941072,0.813278404543312,7.3076552946576,1.24810973709803
TCGA-EW-A1P1,0.733874918575053,5.18298223737174,0.929185014283923,6.64334827172151,7.20490170361288,4.29857034367261,4.23238446958389,4.63585304363963,2.56620629346551,2.89530262133331,4.58510075237146,5.35250783923527,5.74499524889386,1.09578942467319,1.07512184100488,1.73066169127157,1.40190347160796,4.23302138547379,4.39264027554145,4.75356709931263,5.06330015692192,6.24985488091316,3.89615557588503,4.65977046486439,3.27006541148558,3.07105899514251,0.777367109450413,8.1573236903518,0.963696059986536
TCGA-BH-A1EY,0.674822183961822,7.65026840381001,0.313826296390398,6.62913655587108,5.16822081365459,4.57068757564176,2.90485014435862,4.45089450858333,2.07645648159332,2.76856546357528,2.83347709688844,6.08832819869359,6.16038173857325,0.370610693490593,2.99868293977503,3.02966490132192,1.74674271577774,4.94818965819029,3.64175409509864,4.08887938130969,4.10003572116184,0.929109248454487,2.77928073544205,4.82218967331103,5.56378352884755,3.56451230979655,0.599222563159831,9.84106611916066,0.872789368006237
TCGA-A7-A13H,0.784420224617784,7.16310419141404,0.476329837757138,6.33023390056422,6.22518429578482,4.30503662441683,2.83159353730734,5.78701447377343,2.79002130757603,3.47370899618688,0.81015515307832,6.5582645723058,5.92062915939795,2.0585243118408,0.126312130328704,1.93941466130072,2.05429281956604,4.23193155110372,5.14139191617073,4.29616369909643,5.39827853482307,0.827331270612261,4.04698863606691,5.30587205259348,4.45100664684696,3.65523732446226,1.21605125763313,6.26091577112814,1.89274072777935
TCGA-A2-A04X,0.0844725169369015,6.06555077095502,0.77137853948453,5.96660580980922,3.69720668091409,3.42119636417714,5.29197552855606,4.31366669740347,3.03023012380409,3.29485597170867,0.145873061601045,6.46399838214861,5.4792920089781,0.758388465479352,0.143132155555768,3.89813094224734,0.925543758698493,2.7749029975577,4.37033170158454,4.5143937264745,4.87929897086382,0.521653828266628,4.67586108524,5.49093589198342,5.05750226025767,2.42107515023766,1.55345880969909,5.97071103394214,0.770279343209726
TCGA-EW-A1P7,0.517326092156012,5.58221275009074,1.44789652810839,6.09807841694772,7.69202400624763,4.55313928952177,3.45293801433115,4.99209314221989,2.31996469421647,2.62293035092018,2.56713165997407,6.37958110996568,5.69128848385521,3.12827690165837,1.19635524288275,3.3903787874915,2.68291033625599,4.13183638727079,4.59559316974456,4.15015345524625,5.07461246995254,4.5008147976567,2.1210485659834,5.11961763144707,4.32957571343898,2.94320870858845,1.74015043225531,6.68801526184942,2.00205437703702
TCGA-OL-A5S0,0.669571076038966,6.08802495847113,0.954121846785688,5.9349669785882,7.42563721365096,3.50750290093667,5.0748307938541,3.67714738243427,2.64015815496328,3.64863800388403,0.0672256725319716,6.71259440487902,6.1268242193044,1.97258238010527,0.84647325749991,1.95527560092686,0.906813649821099,2.67455104315459,4.83223685699951,5.92736790587928,3.89229387146097,5.27619514213561,1.26741594303495,5.60346315174167,4.00029752517095,2.14342607325891,0.678883192919827,7.04560896899775,1.10332977711185
TCGA-A2-A0EO,0.356256516372818,8.09583688540708,0.307778227058191,6.15549829329318,5.35519955042163,3.80374366850523,2.94562642963098,4.28313651924539,2.0923765997366,3.13591240326704,0.0865120465742818,5.21658290931811,5.42680147161338,1.51273256301436,0.660654852035228,0.569977093324568,4.88548651152495,3.41538009866899,4.10629806218386,4.80417749651658,4.37058279672771,0.855112654785144,5.30832446658284,4.48385446353995,3.90111789957551,2.62192292317707,0.42814239097833,7.68689476326847,0.619929424116078
TCGA-A2-A04P,0.256769142761341,5.05866283937856,0.640620928035698,4.66913450993659,5.18981270106383,2.27878767364211,3.611113348761,2.1373723636934,2.42217916777419,3.85985031229874,0.365244599589063,4.96775884791762,6.03534018113107,0.513894946764927,0.0761485971800829,2.61346093083939,0.591487938397943,2.08389412562431,3.27783600818515,4.20256660691679,4.62617043162732,3.8885387004178,1.48160894299005,3.99081875067088,2.44697078255817,1.96794324852639,0.437866900870151,4.43476832069987,1.0142838706626
TCGA-BH-A0BZ,0.219462838957155,6.3322406825423,1.08195311964706,6.92369353584408,5.27482818992075,3.39245481576404,4.64678477166527,4.12193544746932,2.52376266488328,2.89056342659829,2.45399159555183,5.7909179678409,5.68351961508837,1.40979822782842,0.467801156488407,1.85043940439746,0.710260929878105,3.8311070579566,5.57900209370085,4.84452625970225,4.78957276837319,1.29942051400671,3.8301640371446,6.26216251416945,4.10582053029271,3.43270557748693,2.41267314980951,7.04917658706813,0.968791187883591
TCGA-BH-A1F0,0.595121691996172,5.50132130432753,0.879705766282288,6.44220205859735,6.33731861428022,4.78432075530626,4.38391161099632,4.1053847492476,2.46247118939265,2.27390373902216,1.48470529925278,4.35792494586028,6.65661649479843,1.24756299707135,1.02651680306422,2.41510963222758,2.37019218539685,4.06183666856657,4.03172160086369,4.75217054140268,4.38148411744357,4.92195515830449,2.04516335160322,5.90896658211559,4.16271759775492,3.25509279311117,1.7022585863784,6.48354171977535,2.45507071838533
TCGA-B6-A0WS,0.454070583134958,6.42770505299853,0.732920382108257,6.76596165727649,5.29391852769322,4.54507258258058,4.2282030092571,4.10566969790365,2.3882170955374,3.15028345851656,0.224287289892001,6.23031447047447,5.87319554150928,1.42680147161338,0.564036661866608,1.48036853734721,3.46549130925173,4.47899768273881,4.89501657480755,4.69126614713828,4.81521675980434,1.00698015771534,4.2419011841795,5.34069399972615,5.61463917977039,3.41920177384876,1.4737349684636,9.3243592406784,1.63547580701308
TCGA-3C-AALK,0.362105136071087,6.63864008523969,0.847355566228367,6.55152370787959,4.71995551935066,4.1873322762202,3.52638186256192,4.47906237497281,2.43610852365669,3.88060716902382,0.253626278421377,5.79389588254888,5.46756642561918,1.82586701840109,1.13415521183785,2.25622567518829,2.53749487441412,3.10897601237726,5.681432398166,3.79581888719308,5.14184556108804,2.09508049190141,4.22227906227264,4.57887231137514,6.0675999989913,2.93425228209405,0.0756010848240282,6.92100899099063,0.877351626449262
TCGA-A2-A0YL,1.20526738223451,6.31934335673276,0.821873452762942,7.02657102439033,5.64360513899556,4.6716726812,3.72583929568571,5.65442408356483,2.71760514326077,3.36360564282223,0.997834332781885,5.37382218722165,5.72079557543578,1.91922565397492,1.00791308164326,2.0801118598616,2.57322908614733,4.51399597936701,4.46615071059832,4.47339729239044,4.96164184800172,1.6526929891713,5.62851115711807,4.95061304967552,5.43368725031012,3.73239945953864,0.467488173508356,8.25352417164252,1.07402582838608
TCGA-AR-A251,1.46205231879643,7.48576813874509,1.39522735610665,6.80047673357999,8.28571153281114,5.46654555424411,3.82784950376805,3.58455367920712,2.53116932975868,2.42747208708629,1.01077983875324,4.84424001018705,7.38899540239513,0.37528970853542,0.878215257149036,4.41486616906981,0.729182940685672,4.99215660560675,3.91337773452793,5.49710455489498,5.51710873412297,4.04044535380526,0.937118364778296,5.12379860846262,4.55479756692579,3.61961255591607,0.74122966377296,6.74455401496249,5.86569615924798
TCGA-A8-A07L,3.45214732317857,6.99045799778137,0.879940969126201,7.10799746321942,5.9566862997144,4.13226425229951,4.23087162689006,3.78941626839572,3.47873888479012,2.05185929883525,4.21503397635967,6.12245944590072,5.49172164479307,0.672923127313859,0.542109438331943,2.44196146575897,2.73783816074116,4.57471915459001,5.99620568612116,4.66739827805425,4.86003909795838,0.322043505874256,5.27608717395407,4.73995608481389,4.72160780288589,4.19332230937009,0.0855606248726255,7.52808992349424,2.44517049122698
TCGA-BH-A0DG,1.25610487680918,5.49151322146654,0.632640475865632,6.67639718178579,6.14665929476232,4.50226694451209,3.8371561026294,5.55879109776234,3.27396339889483,3.80847772616168,0.379620962055708,5.05998251283017,5.88144438108315,0.274410769317838,1.84181213978833,1.45407058313496,2.86732322469531,4.52094391319143,4.37198394199945,4.54162015086809,4.96025220925658,1.30935083732328,6.36968807073318,4.33361693887347,4.58745500653756,4.31148131793695,0.336968862239486,7.17894664070423,1.19843128974047
TCGA-A8-A093,0.388134418814145,7.16629968646623,0.590913350255908,6.67749696676118,5.41669114207423,4.34167981791663,2.77300465882829,6.05856760312523,2.6511091107344,4.01346225980656,1.67414423637292,5.41307951607194,5.73356855949878,1.10601323762212,0.373731722378729,0.625551051079312,4.31263613351087,4.16067014668947,4.8362523813555,4.86987140617771,5.46035595882703,0.0837920324938865,5.21407816575067,4.55633131130382,5.52833376720196,3.89845990717637,0.0,8.76964514090712,1.08556062487263
TCGA-EW-A1J2,0.611172380044005,7.15032712886156,0.867738351762688,6.39287550040557,5.61876429763579,4.55639875862064,3.40449444595877,5.61116942853722,2.47456583453847,3.56896845782739,0.308127844178741,5.69571827212078,5.84518893534008,1.40979822782842,1.24354722657759,1.4039221047398,4.18245394714956,4.60667318298832,4.74879932503563,4.68638286570236,4.97922967868439,0.963400137716715,6.12449564004017,5.11122332499201,4.58452962727462,4.07621702161705,0.543693838288992,7.76311673736847,1.63969523339958
TCGA-AQ-A04H,0.0765590951316044,8.05403445280154,1.5082257988981,6.73458092337882,6.72221052460122,4.0958737982318,3.66376586580518,5.3509285767047,2.97098246064751,3.36539859382958,0.0698396250686344,8.19622194749897,4.9187773884039,0.5358538940959,0.508834274251234,1.94024193784165,3.92816183970684,4.65547204819022,4.56662034659192,4.54097577247583,5.30795304620907,1.26693642330279,5.58452962727462,4.40608762884421,5.13028843106983,4.36075755751194,0.244643545739398,5.54870171096774,1.86163781722434
TCGA-A2-A1G1,1.84386327953657,6.12910782191009,1.10775481416675,7.54283996386872,7.2432625422326,4.86282329982368,1.6490175651316,5.29970989735588,2.17845969738456,2.99992786344453,0.189286906583612,4.2045085445978,6.00619253362972,0.588036971870606,0.75565673440824,2.9388691513727,1.29953773957278,5.07841770164733,2.87678213251362,5.28029195715203,5.59688446832437,1.77942783235915,0.123798608462622,5.9274959128136,4.88226643234986,3.02729562405091,2.36642013931299,7.09448628140569,2.61131404526915
TCGA-BH-A0DO,1.22206262477749,5.32255192559888,1.34522603534256,6.69907128347257,5.78563947508898,4.44356024050261,3.76643614910451,5.6103929725525,3.32627846814867,3.5971616634937,0.791772404277366,5.04770414608746,6.08261105566826,0.251567620608247,1.61847360308248,1.63091796589115,1.01328358681842,4.32124986882253,4.3923311626661,4.61370255029629,4.82103666410392,3.05443175398842,5.51366759753763,4.07863545050306,6.82778981482696,3.91757496751148,0.670840335881562,7.65532749724101,1.24586070184035
TCGA-PE-A5DC,0.280481274300624,7.54601623169562,1.17606740578593,6.46030844513678,5.86121348529752,3.51775441213008,4.15937892045925,4.91041607839116,2.78368713188903,2.79156405180226,2.02407140647502,5.90231240036046,4.6266201923247,1.44646798609733,0.120882733248652,1.5827486706213,0.683112521813168,3.19737791203135,4.38460245765075,4.48146686726422,4.90192399447839,3.61228171884598,4.29005572045605,5.51024672212125,4.23356599408501,2.77669358234159,0.142740172116082,5.65819434171879,0.72491215931561
TCGA-OL-A5RZ,0.807931884689125,5.34287115364715,0.798092000728636,6.68460977844657,6.30616196806293,3.76819491332553,3.63757547089758,3.62053949277709,3.56379267900748,4.14466639938856,0.0350607969051143,5.88839014108005,6.57003175823438,0.739761711188126,0.344714894490127,2.96833041310312,0.60502015306241,1.96731619026928,4.61415032326687,4.73553300829973,5.03250202591688,2.28297348862159,4.55292418801217,3.82515469197141,3.87666427810982,2.48119559292895,0.0959919129246028,4.42771343236642,0.794436661804422
TCGA-A2-A0EX,0.611644543373662,6.79226191418444,0.562279063629867,6.77957360111471,6.7817623004186,4.54398453525927,2.9021314789532,4.15695475199129,2.35193922125804,3.85792129616658,0.446679711228449,4.73696739753388,5.84753847749078,2.07806325577682,0.3919876262198,0.79925312356064,1.37806764878003,3.8058599278667,4.44990467537598,5.05857626122623,4.43009120539787,0.764516013797952,6.19023359386679,4.46410623827917,4.28129023236996,2.80506540418061,0.308943288125214,9.46479853164938,1.12220886170023
TCGA-EW-A2FV,0.516620346638166,7.24117663528179,0.662661255475094,6.26484040079082,5.76589802639416,4.25983740058951,4.46413238400564,3.76987750480361,2.38144950823982,3.38427089254241,1.53261619088269,5.66965327175984,5.37413181240147,0.892429885862521,0.393635855624358,3.50997447429548,1.17970212305384,3.341003697501,4.37076411604493,4.43245838450987,4.48215128528078,3.62383175366171,4.67860154746489,6.44071471832071,5.21137437976479,3.10356477927152,1.01606836862765,7.88154471600509,0.254110241874721
